{
  "timestamp": "2025-10-20 13:42:37.146226",
  "configuration": {
    "gpu": 0,
    "batch_size": 1,
    "dataset": "ICEWS14",
    "test": false,
    "run_analysis": false,
    "multi_step": false,
    "topk": 10,
    "enable_multihop_analysis": true,
    "enable_qualitative_recording": true,
    "add_static_graph": true,
    "pre_type": "all",
    "use_cl": true,
    "temperature": 0.03,
    "use_dual_stream": true,
    "edge_sampling_ratio": 1,
    "label_smoothing": 0.03,
    "dropedge_rate": 0.1,
    "use_adaptive_loss": false,
    "use_augmentation": true,
    "aug_prob": 0.05,
    "shuffle_train": true,
    "early_stop_patience": 4,
    "weight_decay": 5e-06,
    "relation_weight": 0.1,
    "encoder": "uvrgcn",
    "opn": "sub",
    "n_hidden": 200,
    "n_layers": 2,
    "n_bases": 100,
    "n_basis": 100,
    "dropout": 0.2,
    "self_loop": true,
    "skip_connect": false,
    "layer_norm": true,
    "decoder": "convtranse",
    "input_dropout": 0.2,
    "hidden_dropout": 0.2,
    "feat_dropout": 0.2,
    "weight": 0.5,
    "pre_weight": 0.9,
    "discount": 1,
    "angle": 10,
    "entity_prediction": true,
    "relation_prediction": true,
    "relation_evaluation": false,
    "aggregation": "none",
    "n_epochs": 500,
    "lr": 0.001,
    "grad_norm": 1.0,
    "evaluate_every": 1,
    "train_history_len": 7,
    "test_history_len": 7
  },
  "multihop_metrics": {
    "1-hop": {
      "count": 5090,
      "mrr_raw": 0.6370205879211426,
      "mrr_filter": 0.6566287279129028,
      "hits@1_raw": 0.5135560035705566,
      "hits@3_raw": 0.7206287384033203,
      "hits@10_raw": 0.8618860840797424,
      "hits@1_filter": 0.5432220101356506,
      "hits@3_filter": 0.7312377691268921,
      "hits@10_filter": 0.8644400835037231
    },
    "2-hop": {
      "count": 1540,
      "mrr_raw": 0.27421191334724426,
      "mrr_filter": 0.2823408544063568,
      "hits@1_raw": 0.16168831288814545,
      "hits@3_raw": 0.30714285373687744,
      "hits@10_raw": 0.5194805264472961,
      "hits@1_filter": 0.17077921330928802,
      "hits@3_filter": 0.31623375415802,
      "hits@10_filter": 0.5214285850524902
    },
    "3-hop": {
      "count": 305,
      "mrr_raw": 0.1947178989648819,
      "mrr_filter": 0.19581227004528046,
      "hits@1_raw": 0.10819672048091888,
      "hits@3_raw": 0.21311475336551666,
      "hits@10_raw": 0.3967213034629822,
      "hits@1_filter": 0.10819672048091888,
      "hits@3_filter": 0.21639344096183777,
      "hits@10_filter": 0.4000000059604645
    },
    "4+hop": {
      "count": 61,
      "mrr_raw": 0.12405725568532944,
      "mrr_filter": 0.12405864894390106,
      "hits@1_raw": 0.09836065024137497,
      "hits@3_raw": 0.09836065024137497,
      "hits@10_raw": 0.19672130048274994,
      "hits@1_filter": 0.09836065024137497,
      "hits@3_filter": 0.09836065024137497,
      "hits@10_filter": 0.19672130048274994
    },
    "unreachable": {
      "count": 375,
      "mrr_raw": 0.21006575226783752,
      "mrr_filter": 0.21229736506938934,
      "hits@1_raw": 0.13333332538604736,
      "hits@3_raw": 0.23199999332427979,
      "hits@10_raw": 0.3893333375453949,
      "hits@1_filter": 0.13599999248981476,
      "hits@3_filter": 0.23733332753181458,
      "hits@10_filter": 0.3919999897480011
    },
    "all": {
      "count": 7371,
      "mrr_raw": 0.516951858997345,
      "mrr_filter": 0.5323493480682373,
      "hits@1_raw": 0.40048840641975403,
      "hits@3_raw": 0.5832316279411316,
      "hits@10_raw": 0.7415547966957092,
      "hits@1_filter": 0.42300909757614136,
      "hits@3_filter": 0.5928639769554138,
      "hits@10_filter": 0.743996798992157
    }
  }
}